Model,Test Accuracy,Val Accuracy
GCN,0.8,0.7918367346938775
GAT,0.8244897959183674,0.8285714285714286
GIN,0.8204081632653061,0.8244897959183674
